Hashtag,Count
#trending,19
#shorts,7
#dance,5
#viral,5
#comedy,3
#funny,3
#ytshorts,2
#bollywood,2
#viralvideo,2
#love,2
#youtubeshorts,2
#shortvideo,2
#fyp,1
#skit,1
#relatable,1
#trend,1
#travel,1
#comedyvideos,1
#vrindharjun,1
#tiktok,1
#challenge,1
#music,1
#explore,1
#waitforlast,1
#aliabhatt,1
#shortsfeed,1
#sad,1
#poojanishadofficial,1
#vlog,1
#dancecraze,1
#viralshorts,1
#hits,1
#kids,1
#sujan,1
#lachu,1
#kavi,1
#trendingshorts,1
#kannada,1
#janapada,1
#folkjanapada,1
#automobile,1
#car,1
#dosaidly,1
#foryou,1
#mistihappylifestyle,1
#emotational,1
#song,1
#short,1
#shortfeed,1
#cricketlover,1
#mitchellstarc,1
#india,1
